{
  "schemaVersion": 1,
  "id": "${mod_id}",
  "version": "${mod_version}",
  "name": "${mod_name}",
  "description": "${mod_description}",
  "authors": [
    "${mod_authors}"
  ],
  "license": "ARR",
  "icon": "assets/modid/icon.png",
  "environment": "*",
  "entrypoints": {
    "main": [
      "com.nyfaria.nyfsspiders.NyfsSpiders"
    ],
    "client": [
      "com.nyfaria.nyfsspiders.NyfsSpidersClient"
    ]
  },
  "mixins": [
    "${mod_id}.mixins.json"
  ],
  "depends": {
    "fabricloader": "${fabric_loader_version_range}",
    "fabric": "*",
    "minecraft": "${minecraft_version}",
    "java": ">=17"
  },
  "suggests": {
    "another-mod": "*"
  },
  "accessWidener": "META-INF/${mod_id}.accesswidener"
}
  